{"xy_sens": 4.3, "targeting_sens": 47.2, "xy_scale": 2.3255813953488373, "targeting_scale": 0.9270792274339765}